BRAND,MODEL,MINIVAN,WAGON,PICKUP,AUTOMATIC,ENGINESIZE,CYLINDERS,CITYMPG,HWYMPG,SUV,AWD,HYBRID
TOYOTA,Prius,0,0,0,1,1.5,4,60,51,0,0,1
HONDA,Civic Hybrid,0,0,0,1,1.3,4,48,47,0,0,1
HONDA,Civic Hybrid,0,0,0,1,1.3,4,47,48,0,0,1
HONDA,Civic Hybrid,0,0,0,0,1.3,4,46,51,0,0,1
HONDA,Civic Hybrid,0,0,0,0,1.3,4,45,51,0,0,1
VOLKSWAGEN,Golf,0,0,0,0,1.9,4,38,46,0,0,0
VOLKSWAGEN,Jetta,0,0,0,0,1.9,4,38,46,0,0,0
VOLKSWAGEN,New Beetle,0,0,0,0,1.9,4,38,46,0,0,0
FORD,Escape HEV 2WD,0,0,0,1,2.3,4,36,31,1,0,1
HONDA,Civic,0,0,0,0,1.7,4,36,44,0,0,0
VOLKSWAGEN,Jetta Wagon,0,1,0,0,1.9,4,36,43,0,0,0
HONDA,Civic,0,0,0,1,1.7,4,35,40,0,0,0
TOYOTA,Echo,0,0,0,0,1.5,4,35,42,0,0,0
VOLKSWAGEN,Jetta,0,0,0,1,1.9,4,35,42,0,0,0
VOLKSWAGEN,New Beetle,0,0,0,1,1.9,4,35,42,0,0,0
FORD,Escape HEV 4WD,0,0,0,1,2.3,4,33,29,1,0,1
TOYOTA,Echo,0,0,0,1,1.5,4,33,39,0,0,0
HONDA,Civic,0,0,0,0,1.7,4,32,38,0,0,0
HONDA,Civic,0,0,0,0,1.7,4,32,37,0,0,0
SCION,xA,0,0,0,0,1.5,4,32,37,0,0,0
TOYOTA,Corolla,0,0,0,0,1.8,4,32,41,0,0,0
VOLKSWAGEN,Golf,0,0,0,1,1.9,4,32,43,0,0,0
VOLKSWAGEN,Jetta,0,0,0,1,1.9,4,32,43,0,0,0
VOLKSWAGEN,Jetta Wagon,0,1,0,1,1.9,4,32,43,0,0,0
HONDA,Civic,0,0,0,1,1.7,4,31,38,0,0,0
SCION,xA,0,0,0,1,1.5,4,31,38,0,0,0
SCION,xB,0,1,0,1,1.5,4,31,35,0,0,0
SCION,xB,0,1,0,0,1.5,4,31,34,0,0,0
PONTIAC,Vibe,0,1,0,0,1.8,4,30,36,0,0,0
TOYOTA,Corolla,0,0,0,1,1.8,4,30,38,0,0,0
TOYOTA,Matrix,0,1,0,0,1.8,4,30,36,0,0,0
HONDA,Accord Hybrid,0,0,0,1,3,6,29,37,0,0,1
DODGE,Neon/SRT-4/SX 2,0,0,0,0,2,4,29,36,0,0,0
HONDA,Civic,0,0,0,1,1.7,4,29,38,0,0,0
HYUNDAI,Accent/Brio,0,0,0,0,1.6,4,29,33,0,0,0
PONTIAC,Vibe,0,1,0,1,1.8,4,29,34,0,0,0
TOYOTA,Celica,0,0,0,1,1.8,4,29,36,0,0,0
HYUNDAI,Accent/Brio,0,0,0,0,1.5,4,28,36,0,0,0
MAZDA,,0,0,0,0,2,4,28,35,0,0,0
MINI,Cooper,0,0,0,0,1.6,4,28,36,0,0,0
NISSAN,Sentra,0,0,0,1,1.8,4,28,34,0,0,0
NISSAN,Sentra,0,0,0,0,1.8,4,28,35,0,0,0
TOYOTA,Matrix,0,1,0,1,1.8,4,28,34,0,0,0
MERCEDES-BENZ,E320 CDI,0,0,0,1,3.2,6,27,37,0,0,0
ACURA,RSX,0,0,0,0,2,4,27,34,0,0,0
CHEVROLET,Aveo,0,0,0,0,1.6,4,27,35,0,0,0
CHEVROLET,Aveo 5,0,0,0,0,1.6,4,27,35,0,0,0
HYUNDAI,Accent/Brio,0,0,0,1,1.5,4,27,35,0,0,0
HYUNDAI,Elantra,0,0,0,0,2,4,27,34,0,0,0
MINI,Cooper Conv,0,0,0,0,1.6,4,27,35,0,0,0
MITSUBISHI,Lancer,0,0,0,0,2,4,27,34,0,0,0
PONTIAC,Wave,0,0,0,0,1.6,4,27,35,0,0,0
PONTIAC,Wave 5,0,0,0,0,1.6,4,27,35,0,0,0
SUZUKI,Swift,0,0,0,0,1.6,4,27,35,0,0,0
SUZUKI,Swift +,0,0,0,0,1.6,4,27,35,0,0,0
TOYOTA,Celica,0,0,0,0,1.8,4,27,33,0,0,0
VOLKSWAGEN,Passat,0,0,0,1,2,4,27,38,0,0,0
VOLKSWAGEN,Passat Wagon,0,1,0,1,2,4,27,38,0,0,0
CHEVROLET,Aveo,0,0,0,1,1.6,4,26,34,0,0,0
CHEVROLET,Aveo 5,0,0,0,1,1.6,4,26,34,0,0,0
CHEVROLET,Cavalier,0,0,0,0,2.2,4,26,36,0,0,0
FORD,Focus FWD,0,0,0,1,2,4,26,32,0,0,0
FORD,Focus FWD,0,0,0,0,2,4,26,35,0,0,0
FORD,Focus Station Wagon,0,1,0,1,2,4,26,32,0,0,0
FORD,Focus Station Wagon,0,1,0,0,2,4,26,35,0,0,0
HONDA,Accord,0,0,0,0,2.4,4,26,34,0,0,0
HONDA,Civic,0,0,0,0,2,4,26,31,0,0,0
HYUNDAI,Accent/Brio,0,0,0,1,1.6,4,26,35,0,0,0
MAZDA,,0,0,0,1,2,4,26,34,0,0,0
MINI,Cooper,0,0,0,1,1.6,4,26,34,0,0,0
MINI,Cooper Conv,0,0,0,1,1.6,4,26,33,0,0,0
PONTIAC,Sunfire,0,0,0,0,2.2,4,26,36,0,0,0
PONTIAC,Vibe AWD,0,1,0,1,1.8,4,26,31,0,1,0
PONTIAC,Wave,0,0,0,1,1.6,4,26,34,0,0,0
PONTIAC,Wave 5,0,0,0,1,1.6,4,26,34,0,0,0
SATURN,Ion,0,0,0,0,2.2,4,26,35,0,0,0
SUZUKI,Swift,0,0,0,1,1.6,4,26,34,0,0,0
SUZUKI,Swift +,0,0,0,1,1.6,4,26,34,0,0,0
TOYOTA,Corolla,0,0,0,0,1.8,4,26,34,0,0,0
TOYOTA,Matrix 4WD,0,1,0,1,1.8,4,26,31,0,0,0
TOYOTA,MR2,0,0,0,0,1.8,4,26,32,0,0,0
TOYOTA,MR2,0,0,0,0,1.8,4,26,33,0,0,0
ACURA,RSX,0,0,0,1,2,4,25,34,0,0,0
CHEVROLET,Classic,0,0,0,1,2.2,4,25,34,0,0,0
CHEVROLET,Cobalt,0,0,0,0,2.2,4,25,34,0,0,0
KIA,Rio,0,0,0,0,1.6,4,25,31,0,0,0
KIA,Spectra,0,0,0,0,2,4,25,33,0,0,0
MAZDA,,0,0,0,0,2.3,4,25,32,0,0,0
MINI,Cooper S,0,0,0,0,1.6,4,25,32,0,0,0
MINI,Cooper S Conv,0,0,0,0,1.6,4,25,32,0,0,0
MITSUBISHI,Lancer,0,0,0,1,2,4,25,31,0,0,0
PONTIAC,Grand Am,0,0,0,1,2.2,4,25,34,0,0,0
PONTIAC,Vibe,0,1,0,0,1.8,4,25,32,0,0,0
SUZUKI,Aerio,0,0,0,1,2.3,4,25,31,0,0,0
SUZUKI,Aerio,0,0,0,0,2.3,4,25,31,0,0,0
SUZUKI,Aerio SX,0,1,0,1,2.3,4,25,30,0,0,0
SUZUKI,Aerio SX,0,1,0,0,2.3,4,25,31,0,0,0
TOYOTA,Celica,0,0,0,1,1.8,4,25,31,0,0,0
TOYOTA,Matrix,0,1,0,0,1.8,4,25,32,0,0,0
VOLKSWAGEN,New Beetle,0,0,0,0,1.8,4,25,30,0,0,0
VOLKSWAGEN,New Beetle Conv,0,0,0,0,1.8,4,25,30,0,0,0
AUDI,A4,0,0,0,1,2,4,24,32,0,0,0
CHEVROLET,Cavalier,0,0,0,1,2.2,4,24,34,0,0,0
CHEVROLET,Cobalt,0,0,0,1,2.2,4,24,32,0,0,0
CHEVROLET,Malibu,0,0,0,1,2.2,4,24,35,0,0,0
CHRYSLER,Sebring,0,0,0,0,2.4,4,24,32,0,0,0
DODGE,Stratus,0,0,0,0,2.4,4,24,32,0,0,0
FORD,Escape 2WD,0,0,0,0,2.3,4,24,29,1,0,0
FORD,Ranger Pickup 2WD,0,0,1,0,2.3,4,24,29,0,0,0
HONDA,Accord,0,0,0,1,2.4,4,24,34,0,0,0
HYUNDAI,Elantra,0,0,0,1,2,4,24,32,0,0,0
HYUNDAI,Tiburon,0,0,0,0,2,4,24,30,0,0,0
KIA,Rio,0,0,0,1,1.6,4,24,31,0,0,0
KIA,Spectra,0,0,0,1,2,4,24,34,0,0,0
MAZDA,,0,0,0,1,2.3,4,24,29,0,0,0
MAZDA,B2300 2WD,0,0,1,0,2.3,4,24,29,0,0,0
MAZDA,Tribute 2WD,0,0,0,0,2.3,4,24,29,1,0,0
MERCEDES-BENZ,C230 Kompressor,0,0,0,1,1.8,4,24,32,0,0,0
NISSAN,Altima,0,0,0,0,2.5,4,24,31,0,0,0
PONTIAC,Sunfire,0,0,0,1,2.2,4,24,34,0,0,0
SATURN,Ion,0,0,0,1,2.2,4,24,32,0,0,0
SUZUKI,Aerio AWD,0,0,0,1,2.3,4,24,29,0,1,0
SUZUKI,Aerio SX AWD,0,1,0,1,2.3,4,24,29,0,1,0
TOYOTA,Camry,0,0,0,1,2.4,4,24,34,0,0,0
TOYOTA,Camry,0,0,0,0,2.4,4,24,33,0,0,0
TOYOTA,Camry Solara,0,0,0,0,2.4,4,24,33,0,0,0
TOYOTA,Celica,0,0,0,0,1.8,4,24,33,0,0,0
TOYOTA,Rav4 2WD,0,0,0,1,2.4,4,24,29,1,0,0
TOYOTA,Rav4 2WD,0,0,0,0,2.4,4,24,30,1,0,0
VOLKSWAGEN,Golf,0,0,0,1,2,4,24,30,0,0,0
VOLKSWAGEN,Golf,0,0,0,0,2,4,24,31,0,0,0
VOLKSWAGEN,GTI,0,0,0,0,1.8,4,24,31,0,0,0
VOLKSWAGEN,Jetta,0,0,0,0,1.8,4,24,31,0,0,0
VOLKSWAGEN,Jetta,0,0,0,1,2,4,24,30,0,0,0
VOLKSWAGEN,Jetta,0,0,0,0,2,4,24,31,0,0,0
VOLKSWAGEN,Jetta Wagon,0,1,0,0,1.8,4,24,31,0,0,0
VOLKSWAGEN,Jetta Wagon,0,1,0,0,2,4,24,30,0,0,0
VOLKSWAGEN,New Beetle,0,0,0,0,2,4,24,31,0,0,0
VOLKSWAGEN,New Beetle Conv,0,0,0,0,2,4,24,30,0,0,0
ACURA,RSX,0,0,0,0,2,4,23,31,0,0,0
AUDI,A4,0,0,0,1,1.8,4,23,29,0,0,0
AUDI,A4,0,0,0,0,2,4,23,34,0,0,0
AUDI,A4 Cabriolet,0,0,0,1,1.8,4,23,30,0,0,0
CHEVROLET,Cobalt,0,0,0,0,2,4,23,29,0,0,0
HONDA,CR-V 2WD,0,0,0,1,2.4,4,23,29,1,0,0
KIA,Optima,0,0,0,0,2.4,4,23,30,0,0,0
LOTUS,Elise/Exige,0,0,0,0,1.8,4,23,27,0,0,0
MAZDA,,0,0,0,0,2.3,4,23,31,0,0,0
MAZDA,,0,0,0,1,2.3,4,23,28,0,0,0
MAZDA,MX-5 Miata,0,0,0,0,1.8,4,23,28,0,0,0
MAZDA,MX-5 Miata,0,0,0,0,1.8,4,23,28,0,0,0
MERCEDES-BENZ,C230 Kompressor,0,0,0,0,1.8,4,23,32,0,0,0
MERCEDES-BENZ,C230 Kompressor Sports Coupe,0,0,0,1,1.8,4,23,32,0,0,0
MERCEDES-BENZ,C230 Kompressor Sports Coupe,0,0,0,0,1.8,4,23,31,0,0,0
MINI,Cooper S,0,0,0,1,1.6,4,23,32,0,0,0
MINI,Cooper S Conv,0,0,0,1,1.6,4,23,32,0,0,0
MITSUBISHI,Eclipse,0,0,0,0,2.4,4,23,31,0,0,0
MITSUBISHI,Eclipse Spyder,0,0,0,0,2.4,4,23,31,0,0,0
MITSUBISHI,Galant,0,0,0,1,2.4,4,23,30,0,0,0
MITSUBISHI,Lancer,0,0,0,0,2.4,4,23,29,0,0,0
NISSAN,Altima,0,0,0,1,2.5,4,23,29,0,0,0
NISSAN,Sentra,0,0,0,1,2.5,4,23,28,0,0,0
NISSAN,Sentra,0,0,0,0,2.5,4,23,29,0,0,0
SAAB,9-2X Wagon AWD,0,1,0,1,2.5,4,23,29,0,1,0
SATURN,Ion,0,0,0,0,2,4,23,29,0,0,0
SATURN,Vue FWD,0,0,0,0,2.2,4,23,29,1,0,0
SCION,tC,0,0,0,1,2.4,4,23,30,0,0,0
SUBARU,Forester AWD,0,0,0,0,2.5,4,23,30,1,1,0
SUBARU,Impreza AWD,0,0,0,0,2.5,4,23,30,0,1,0
SUBARU,Impreza Wagon/Outback SPT AWD,0,1,0,0,2.5,4,23,30,0,1,0
SUBARU,Legacy AWD,0,0,0,0,2.5,4,23,30,0,1,0
SUBARU,Legacy Wagon AWD,0,1,0,0,2.5,4,23,30,0,1,0
SUBARU,Outback Wagon AWD,0,0,0,0,2.5,4,23,28,1,1,0
TOYOTA,Camry Solara,0,0,0,1,2.4,4,23,32,0,0,0
VOLKSWAGEN,Jetta Wagon,0,1,0,1,2,4,23,29,0,0,0
CHEVROLET,Malibu,0,0,0,1,3.5,6,22,32,0,0,0
CHEVROLET,Malibu MAXX,0,0,0,1,3.5,6,22,30,0,0,0
PONTIAC,G6,0,0,0,1,3.5,6,22,32,0,0,0
TOYOTA,Avalon,0,0,0,1,3.5,6,22,31,0,0,0
VOLKSWAGEN,GTI,0,0,0,0,2.8,6,22,29,0,0,0
VOLKSWAGEN,Jetta,0,0,0,0,2.5,5,22,30,0,0,0
VOLKSWAGEN,Jetta,0,0,0,1,2.5,5,22,30,0,0,0
VOLVO,S40 FWD,0,0,0,0,2.4,5,22,29,0,0,0
VOLVO,S40 FWD,0,0,0,1,2.4,5,22,30,0,0,0
VOLVO,S40 FWD,0,0,0,0,2.5,5,22,31,0,0,0
VOLVO,S60 FWD,0,0,0,0,2.4,5,22,29,0,0,0
VOLVO,V50 FWD,0,1,0,0,2.4,5,22,29,0,0,0
VOLVO,V50 FWD,0,1,0,1,2.4,5,22,30,0,0,0
VOLVO,V50 FWD,0,1,0,0,2.5,5,22,31,0,0,0
VOLVO,V70 FWD,0,1,0,0,2.4,5,22,29,0,0,0
ACURA,TSX,0,0,0,1,2.4,4,22,31,0,0,0
AUDI,A4,0,0,0,0,1.8,4,22,31,0,0,0
AUDI,A4 Avant Quattro,0,1,0,0,2,4,22,31,0,0,0
AUDI,A4 Avant Quattro,0,1,0,1,2,4,22,30,0,0,0
AUDI,A4 Quattro,0,0,0,0,2,4,22,31,0,0,0
AUDI,A4 Quattro,0,0,0,1,2,4,22,30,0,0,0
CHEVROLET,Optra,0,0,0,1,2,4,22,30,0,0,0
CHEVROLET,Optra,0,0,0,0,2,4,22,30,0,0,0
CHEVROLET,Optra 5,0,0,0,1,2,4,22,30,0,0,0
CHEVROLET,Optra 5,0,0,0,0,2,4,22,30,0,0,0
CHRYSLER,PT Cruiser,0,0,0,0,2.4,4,22,29,1,0,0
CHRYSLER,PT Cruiser Conv/Cabrio,0,0,0,0,2.4,4,22,29,1,0,0
CHRYSLER,Sebring 4-dr,0,0,0,1,2.4,4,22,30,0,0,0
CHRYSLER,Sebring Conv,0,0,0,1,2.4,4,22,30,0,0,0
DODGE,Neon/SRT-4/SX 2,0,0,0,0,2.4,4,22,30,0,0,0
DODGE,Stratus 4-dr,0,0,0,1,2.4,4,22,30,0,0,0
FORD,Escape 2WD,0,0,0,1,2.3,4,22,25,1,0,0
FORD,Escape 4WD,0,0,0,0,2.3,4,22,26,1,0,0
FORD,Focus FWD,0,0,0,0,2.3,4,22,31,0,0,0
FORD,Ranger Pickup 2WD,0,0,1,1,2.3,4,22,26,0,0,0
HONDA,CR-V 4WD,0,0,0,1,2.4,4,22,27,1,0,0
HONDA,Element 2WD,0,0,0,1,2.4,4,22,26,1,0,0
HYUNDAI,Sonata,0,0,0,1,2.4,4,22,30,0,0,0
HYUNDAI,Sonata,0,0,0,0,2.4,4,22,30,0,0,0
HYUNDAI,Tiburon,0,0,0,1,2,4,22,30,0,0,0
HYUNDAI,Tucson 2WD,0,0,0,1,2,4,22,27,1,0,0
HYUNDAI,Tucson 2WD,0,0,0,0,2,4,22,27,1,0,0
KIA,Optima,0,0,0,1,2.4,4,22,30,0,0,0
KIA,Sportage 2WD,0,0,0,1,2,4,22,27,1,0,0
KIA,Sportage 2WD,0,0,0,0,2,4,22,27,1,0,0
MAZDA,B2300 2WD,0,0,1,1,2.3,4,22,26,0,0,0
MAZDA,MX-5 Miata,0,0,0,1,1.8,4,22,28,0,0,0
MAZDA,Tribute 2WD,0,0,0,1,2.3,4,22,25,1,0,0
MAZDA,Tribute 4WD,0,0,0,0,2.3,4,22,26,1,0,0
MERCURY,Mariner 2WD,0,0,0,1,2.3,4,22,26,1,0,0
MITSUBISHI,Lancer,0,0,0,1,2.4,4,22,28,0,0,0
MITSUBISHI,Lancer Sportback,0,1,0,1,2.4,4,22,29,0,0,0
MITSUBISHI,Outlander 2WD,0,0,0,0,2.4,4,22,28,1,0,0
NISSAN,Frontier 2WD,0,0,1,0,2.5,4,22,25,0,0,0
SAAB,9-2X Wagon AWD,0,1,0,0,2.5,4,22,29,0,1,0
SAAB,9-3 Sport Sedan,0,0,0,0,2,4,22,32,0,0,0
SAAB,9-3 Sport Sedan,0,0,0,0,2,4,22,30,0,0,0
SATURN,Vue FWD,0,0,0,1,2.2,4,22,28,1,0,0
SATURN,Vue FWD,0,0,0,1,2.2,4,22,27,1,0,0
SCION,tC,0,0,0,0,2.4,4,22,29,0,0,0
SUBARU,Forester AWD,0,0,0,1,2.5,4,22,28,1,1,0
SUBARU,Impreza AWD,0,0,0,1,2.5,4,22,28,0,1,0
SUBARU,Impreza Wagon/Outback SPT AWD,0,1,0,1,2.5,4,22,28,0,1,0
SUBARU,Legacy AWD,0,0,0,1,2.5,4,22,30,0,1,0
SUBARU,Legacy Wagon AWD,0,1,0,1,2.5,4,22,30,0,1,0
SUBARU,Outback Wagon AWD,0,0,0,1,2.5,4,22,28,1,1,0
SUZUKI,Forenza,0,0,0,1,2,4,22,30,0,0,0
SUZUKI,Forenza,0,0,0,0,2,4,22,30,0,0,0
SUZUKI,Reno,0,0,0,1,2,4,22,30,0,0,0
SUZUKI,Reno,0,0,0,0,2,4,22,30,0,0,0
TOYOTA,Highlander 2WD,0,0,0,1,2.4,4,22,27,1,0,0
TOYOTA,Rav4 4WD,0,0,0,1,2.4,4,22,27,1,0,0
TOYOTA,Rav4 4WD,0,0,0,0,2.4,4,22,27,1,0,0
VOLKSWAGEN,GTI,0,0,0,1,1.8,4,22,29,0,0,0
VOLKSWAGEN,Jetta,0,0,0,1,1.8,4,22,29,0,0,0
VOLKSWAGEN,Jetta Wagon,0,1,0,1,1.8,4,22,29,0,0,0
VOLKSWAGEN,New Beetle,0,0,0,1,1.8,4,22,30,0,0,0
VOLKSWAGEN,New Beetle,0,0,0,1,2,4,22,31,0,0,0
VOLKSWAGEN,New Beetle Conv,0,0,0,1,1.8,4,22,30,0,0,0
VOLKSWAGEN,Passat,0,0,0,0,1.8,4,22,31,0,0,0
VOLKSWAGEN,Passat Wagon,0,1,0,0,1.8,4,22,31,0,0,0
AUDI,A4,0,0,0,1,3,6,21,29,0,0,0
AUDI,A4 Cabriolet,0,0,0,1,3,6,21,29,0,0,0
BMW,325I,0,0,0,1,2.5,6,21,30,0,0,0
BMW,Z4 Roadster,0,0,0,1,2.5,6,21,28,0,0,0
BMW,Z4 Roadster,0,0,0,0,3,6,21,29,0,0,0
CHEVROLET,Impala,0,0,0,1,3.4,6,21,32,0,0,0
CHEVROLET,Monte Carlo,0,0,0,1,3.4,6,21,32,0,0,0
CHRYSLER,300C/SRT-8,0,0,0,1,2.7,6,21,28,0,0,0
CHRYSLER,A-4,0,0,0,0,7,6,21,28,0,0,0
CHRYSLER,Crossfire Coupe,0,0,0,1,3.2,6,21,28,0,0,0
CHRYSLER,Crossfire Roadster,0,0,0,1,3.2,6,21,28,0,0,0
CHRYSLER,Sebring,0,0,0,0,3,6,21,29,0,0,0
CHRYSLER,Sebring 4-dr FFV,0,0,0,1,2.7,6,21,28,0,0,0
CHRYSLER,Sebring 4-dr FFV (2-Mode),0,0,0,1,2.7,6,21,28,0,0,0
CHRYSLER,Sebring Conv FFV,0,0,0,1,2.7,6,21,28,0,0,0
DODGE,Magnum,0,0,0,1,2.7,6,21,28,1,0,0
DODGE,Stratus,0,0,0,0,3,6,21,29,0,0,0
DODGE,Stratus 4-dr FFV,0,0,0,1,2.7,6,21,28,0,0,0
DODGE,Stratus 4-dr FFV (2-Mode),0,0,0,1,2.7,6,21,28,0,0,0
FORD,Five Hundred FWD,0,0,0,1,3,6,21,29,0,0,0
HONDA,Accord,0,0,0,1,3,6,21,30,0,0,0
LEXUS,ES 330,0,0,0,1,3.3,6,21,29,0,0,0
MERCURY,Montego FWD,0,0,0,1,3,6,21,29,0,0,0
MITSUBISHI,Eclipse,0,0,0,1,3,6,21,28,0,0,0
NISSAN,Altima,0,0,0,0,3.5,6,21,27,0,0,0
PONTIAC,G6,0,0,0,1,3.5,6,21,29,0,0,0
SATURN,L300,0,0,0,1,3,6,21,28,0,0,0
SATURN,LW300,0,1,0,1,3,6,21,28,0,0,0
TOYOTA,Camry,0,0,0,1,3.3,6,21,29,0,0,0
TOYOTA,Camry Solara,0,0,0,1,3.3,6,21,29,0,0,0
VOLVO,S40 FWD,0,0,0,1,2.5,5,21,30,0,0,0
VOLVO,S60 FWD,0,0,0,1,2.4,5,21,29,0,0,0
VOLVO,S60 FWD,0,0,0,0,2.4,5,21,28,0,0,0
VOLVO,S60 FWD,0,0,0,1,2.4,5,21,29,0,0,0
VOLVO,S60 FWD,0,0,0,1,2.5,5,21,30,0,0,0
VOLVO,S80 FWD,0,0,0,1,2.5,5,21,30,0,0,0
VOLVO,V50 FWD,0,1,0,1,2.5,5,21,30,0,0,0
VOLVO,V70 FWD,0,1,0,1,2.4,5,21,28,0,0,0
VOLVO,V70 FWD,0,1,0,1,2.5,5,21,30,0,0,0
ACURA,TSX,0,0,0,0,2.4,4,21,30,0,0,0
AUDI,A4 Avant Quattro,0,1,0,0,1.8,4,21,30,0,0,0
AUDI,A4 Quattro,0,0,0,0,1.8,4,21,30,0,0,0
AUDI,TT Coupe,0,0,0,1,1.8,4,21,29,0,0,0
CHEVROLET,Colorado 2WD,0,0,1,0,2.8,4,21,27,0,0,0
CHEVROLET,Colorado Crew 2WD,0,0,1,0,2.8,4,21,26,0,0,0
CHRYSLER,PT Cruiser,0,0,0,1,2.4,4,21,26,1,0,0
CHRYSLER,PT Cruiser,0,0,0,0,2.4,4,21,27,1,0,0
CHRYSLER,PT Cruiser Conv/Cabrio,0,0,0,1,2.4,4,21,26,1,0,0
CHRYSLER,PT Cruiser Conv/Cabrio,0,0,0,0,2.4,4,21,27,1,0,0
CHRYSLER,Sebring,0,0,0,1,2.4,4,21,28,0,0,0
DODGE,Stratus,0,0,0,1,2.4,4,21,28,0,0,0
GMC,Canyon 2WD,0,0,1,0,2.8,4,21,27,0,0,0
GMC,Canyon Crew 2WD,0,0,1,0,2.8,4,21,26,0,0,0
HONDA,CR-V 4WD,0,0,0,0,2.4,4,21,26,1,0,0
HONDA,Element 2WD,0,0,0,0,2.4,4,21,25,1,0,0
HONDA,Element 4WD,0,0,0,1,2.4,4,21,24,1,0,0
HONDA,Element 4WD,0,0,0,0,2.4,4,21,24,1,0,0
HYUNDAI,Tucson 4WD,0,0,0,0,2,4,21,26,1,0,0
JEEP,Liberty/Cherokee 2WD,0,0,0,0,2.4,4,21,26,1,0,0
JEEP,Liberty/Cherokee 4WD,0,0,0,1,2.8,4,21,26,1,0,0
KIA,Sportage 4WD,0,0,0,0,2,4,21,26,1,0,0
MITSUBISHI,Eclipse,0,0,0,1,2.4,4,21,28,0,0,0
MITSUBISHI,Eclipse,0,0,0,1,2.4,4,21,28,0,0,0
MITSUBISHI,Outlander 2WD,0,0,0,1,2.4,4,21,26,1,0,0
MITSUBISHI,Outlander 4WD,0,0,0,0,2.4,4,21,27,1,0,0
MITSUBISHI,Outlander 4WD,0,0,0,1,2.4,4,21,25,1,0,0
SAAB,9-3 Convertible,0,0,0,0,2,4,21,28,0,0,0
SAAB,9-3 Sport Sedan,0,0,0,1,2,4,21,28,0,0,0
SAAB,9-3 Sport Sedan,0,0,0,1,2,4,21,31,0,0,0
SATURN,Vue AWD,0,0,0,1,2.2,4,21,26,1,1,0
SUBARU,Baja AWD,0,0,0,1,2.5,4,21,28,1,1,0
SUBARU,Baja AWD,0,0,0,0,2.5,4,21,27,1,1,0
TOYOTA,Highlander 4WD,0,0,0,1,2.4,4,21,25,1,0,0
TOYOTA,Tacoma 2WD,0,0,1,1,2.7,4,21,26,0,0,0
VOLKSWAGEN,Jetta,0,0,0,0,1.8,4,21,29,0,0,0
VOLKSWAGEN,New Beetle Conv,0,0,0,1,2,4,21,31,0,0,0
VOLKSWAGEN,Passat,0,0,0,1,1.8,4,21,30,0,0,0
VOLKSWAGEN,Passat 4MOTION,0,0,0,0,1.8,4,21,30,0,0,0
VOLKSWAGEN,Passat Wagon,0,1,0,1,1.8,4,21,30,0,0,0
VOLKSWAGEN,Passat Wagon 4MOTION,0,1,0,0,1.8,4,21,30,0,0,0
ACURA,TL,0,0,0,0,3.2,6,20,29,0,0,0
ACURA,TL,0,0,0,1,3.2,6,20,29,0,0,0
BMW,325CI,0,0,0,0,2.5,6,20,29,0,0,0
BMW,325I,0,0,0,0,2.5,6,20,29,0,0,0
BMW,325I Sport Wagon,0,1,0,0,2.5,6,20,29,0,0,0
BMW,330CI,0,0,0,0,3,6,20,30,0,0,0
BMW,330CI,0,0,0,1,3,6,20,29,0,0,0
BMW,330I,0,0,0,0,3,6,20,30,0,0,0
BMW,330I,0,0,0,1,3,6,20,29,0,0,0
BMW,330XI,0,0,0,0,3,6,20,29,0,0,0
BMW,530I,0,0,0,0,3,6,20,30,0,0,0
BMW,530I (4-Mode),0,0,0,1,3,6,20,29,0,0,0
BMW,Z4 Roadster,0,0,0,0,2.5,6,20,28,0,0,0
BMW,Z4 Roadster,0,0,0,1,3,6,20,29,0,0,0
BUICK,Century,0,0,0,1,3.1,6,20,30,0,0,0
BUICK,LaCrosse/Allure,0,0,0,1,3.8,6,20,29,0,0,0
BUICK,LeSabre,0,0,0,1,3.8,6,20,29,0,0,0
BUICK,Park Avenue,0,0,0,1,3.8,6,20,29,0,0,0
CHEVROLET,Epica,0,0,0,1,2.5,6,20,28,0,0,0
CHEVROLET,Impala,0,0,0,1,3.8,6,20,30,0,0,0
CHEVROLET,Monte Carlo,0,0,0,1,3.8,6,20,30,0,0,0
CHRYSLER,Sebring,0,0,0,1,3,6,20,28,0,0,0
CHRYSLER,Sebring,0,0,0,1,3,6,20,28,0,0,0
DODGE,Stratus,0,0,0,1,3,6,20,28,0,0,0
DODGE,Stratus,0,0,0,1,3,6,20,28,0,0,0
FORD,Escape 2WD,0,0,0,1,3,6,20,25,1,0,0
FORD,Five Hundred FWD,0,0,0,1,3,6,20,27,0,0,0
FORD,Freestyle FWD,0,0,0,1,3,6,20,27,1,0,0
FORD,Taurus (2-Valve),0,0,0,1,3,6,20,27,0,0,0
FORD,Taurus (4-Valve),0,0,0,1,3,6,20,27,0,0,0
HONDA,Accord,0,0,0,0,3,6,20,30,0,0,0
HONDA,Odyssey 2WD,1,0,0,1,3.5,6,20,28,0,0,0
HYUNDAI,Sonata,0,0,0,0,2.7,6,20,27,0,0,0
HYUNDAI,Tucson 2WD,0,0,0,1,2.7,6,20,26,1,0,0
KIA,Optima,0,0,0,1,2.7,6,20,27,0,0,0
KIA,Optima,0,0,0,0,2.7,6,20,28,0,0,0
LINCOLN,LS,0,0,0,1,3,6,20,26,0,0,0
MAZDA,,0,0,0,1,3,6,20,27,0,0,0
MAZDA,6 Sport Wagon,0,1,0,1,3,6,20,27,0,0,0
MAZDA,Tribute 2WD,0,0,0,1,3,6,20,25,1,0,0
MERCEDES-BENZ,C240 FFV,0,0,0,1,2.6,6,20,25,0,0,0
MERCEDES-BENZ,C240 Wagon FFV,0,1,0,1,2.6,6,20,25,0,0,0
MERCEDES-BENZ,C320 FFV,0,0,0,1,3.2,6,20,26,0,0,0
MERCEDES-BENZ,CLK320,0,0,0,1,3.2,6,20,28,0,0,0
MERCEDES-BENZ,CLK320 Cabriolet,0,0,0,1,3.2,6,20,26,0,0,0
MERCEDES-BENZ,E320,0,0,0,1,3.2,6,20,28,0,0,0
MERCEDES-BENZ,E320 Wagon,0,1,0,1,3.2,6,20,28,0,0,0
MERCURY,Mariner 2WD,0,0,0,1,3,6,20,25,1,0,0
MERCURY,Montego FWD,0,0,0,1,3,6,20,27,0,0,0
MERCURY,Sable (2-Valve),0,0,0,1,3,6,20,27,0,0,0
MERCURY,Sable (4-Valve),0,0,0,1,3,6,20,27,0,0,0
MITSUBISHI,Eclipse,0,0,0,0,3,6,20,29,0,0,0
MITSUBISHI,Eclipse,0,0,0,1,3,6,20,28,0,0,0
MITSUBISHI,Eclipse Spyder,0,0,0,0,3,6,20,29,0,0,0
MITSUBISHI,Eclipse Spyder,0,0,0,0,3,6,20,28,0,0,0
MITSUBISHI,Eclipse Spyder,0,0,0,1,3,6,20,28,0,0,0
MITSUBISHI,Eclipse Spyder,0,0,0,1,3,6,20,27,0,0,0
NISSAN,350Z,0,0,0,0,3.5,6,20,26,0,0,0
NISSAN,350Z Roadster,0,0,0,0,3.5,6,20,26,0,0,0
NISSAN,Altima,0,0,0,0,3.5,6,20,28,0,0,0
NISSAN,Altima,0,0,0,1,3.5,6,20,30,0,0,0
NISSAN,Maxima,0,0,0,0,3.5,6,20,29,0,0,0
NISSAN,Maxima,0,0,0,1,3.5,6,20,28,0,0,0
NISSAN,Murano AWD,0,0,0,1,3.5,6,20,24,1,1,0
NISSAN,Murano FWD,0,0,0,1,3.5,6,20,25,1,0,0
PONTIAC,Bonneville,0,0,0,1,3.8,6,20,29,0,0,0
PONTIAC,Grand Am,0,0,0,1,3.4,6,20,29,0,0,0
PONTIAC,Grand Prix,0,0,0,1,3.8,6,20,30,0,0,0
SATURN,Vue FWD,0,0,0,1,3.5,6,20,28,1,0,0
SUZUKI,Verona,0,0,0,1,2.5,6,20,28,0,0,0
TOYOTA,Camry,0,0,0,1,3,6,20,28,0,0,0
TOYOTA,Camry Solara Conv,0,0,0,1,3.3,6,20,29,0,0,0
VOLKSWAGEN,Passat,0,0,0,0,2.8,6,20,28,0,0,0
VOLKSWAGEN,Passat Wagon,0,1,0,0,2.8,6,20,28,0,0,0
VOLVO,S40 AWD,0,0,0,1,2.5,5,20,27,0,1,0
VOLVO,V70 FWD,0,1,0,0,2.4,5,20,26,0,0,0
AUDI,A4 Avant Quattro,0,1,0,1,1.8,4,20,29,0,0,0
AUDI,A4 Quattro,0,0,0,1,1.8,4,20,29,0,0,0
AUDI,TT Coupe Quattro,0,0,0,0,1.8,4,20,29,0,0,0
AUDI,TT Roadster,0,0,0,1,1.8,4,20,28,0,0,0
AUDI,TT Roadster Quattro,0,0,0,0,1.8,4,20,29,0,0,0
CHEVROLET,Optra Wagon,0,1,0,1,2,4,20,28,0,0,0
CHEVROLET,Optra Wagon,0,1,0,0,2,4,20,30,0,0,0
DODGE,Caravan 2WD,1,0,0,1,2.4,4,20,26,0,0,0
HONDA,S2000,0,0,0,0,2.2,4,20,25,0,0,0
HYUNDAI,SantaFe 2WD,0,0,0,1,2.4,4,20,26,1,0,0
HYUNDAI,SantaFe 2WD,0,0,0,0,2.4,4,20,27,1,0,0
JEEP,Liberty/Cherokee 4WD,0,0,0,0,2.4,4,20,24,1,0,0
MAZDA,MX-5 Miata,0,0,0,0,1.8,4,20,26,0,0,0
MERCURY,Mariner 4WD,0,0,0,1,2.3,4,20,23,1,0,0
MITSUBISHI,Eclipse Spyder,0,0,0,1,2.4,4,20,26,0,0,0
SAAB,,0,0,0,0,2.3,4,20,30,0,0,0
SAAB,9-2X Wagon AWD,0,1,0,0,2,4,20,26,0,1,0
SAAB,9-5 Wagon,0,1,0,0,2.3,4,20,30,0,0,0
SUBARU,Forester AWD,0,0,0,1,2.5,4,20,23,1,1,0
SUBARU,Impreza AWD,0,0,0,0,2,4,20,27,0,1,0
SUBARU,Impreza Wagon/Outback SPT AWD,0,1,0,0,2,4,20,27,0,1,0
SUZUKI,Forenza Wagon,0,1,0,1,2,4,20,28,0,0,0
SUZUKI,Forenza Wagon,0,1,0,0,2,4,20,30,0,0,0
TOYOTA,Tacoma 2WD,0,0,1,0,2.7,4,20,27,0,0,0
VOLKSWAGEN,Passat 4MOTION,0,0,0,1,1.8,4,20,29,0,0,0
VOLKSWAGEN,Passat Wagon 4MOTION,0,1,0,1,1.8,4,20,29,0,0,0
AUDI,A4 Avant Quattro,0,1,0,1,3.1,6,19,26,0,0,0
AUDI,A4 Quattro,0,0,0,1,3.1,6,19,26,0,0,0
AUDI,A6 Quattro,0,0,0,1,3.1,6,19,26,0,0,0
AUDI,TT Coupe Quattro,0,0,0,1,3.2,6,19,26,0,0,0
AUDI,TT Roadster Quattro,0,0,0,1,3.2,6,19,25,0,0,0
BMW,325CI,0,0,0,1,2.5,6,19,27,0,0,0
BMW,325CI Conv,0,0,0,0,2.5,6,19,27,0,0,0
BMW,325I,0,0,0,1,2.5,6,19,27,0,0,0
BMW,325I Sport Wagon,0,1,0,1,2.5,6,19,27,0,0,0
BMW,325XI,0,0,0,0,2.5,6,19,27,0,0,0
BMW,325XI,0,0,0,1,2.5,6,19,26,0,0,0
BMW,325XI Sport Wagon,0,1,0,0,2.5,6,19,26,0,0,0
BMW,325XI Sport Wagon,0,1,0,1,2.5,6,19,26,0,0,0
BMW,330CI,0,0,0,1,3,6,19,27,0,0,0
BMW,330CI Conv,0,0,0,0,3,6,19,28,0,0,0
BMW,330CI Conv,0,0,0,1,3,6,19,27,0,0,0
BMW,330I,0,0,0,1,3,6,19,27,0,0,0
BMW,525I,0,0,0,0,2.5,6,19,28,0,0,0
BMW,525I,0,0,0,1,2.5,6,19,28,0,0,0
BMW,530I (3-Mode),0,0,0,1,3,6,19,29,0,0,0
BMW,Z4 Roadster,0,0,0,1,3,6,19,27,0,0,0
BUICK,LaCrosse/Allure,0,0,0,1,3.6,6,19,27,0,0,0
BUICK,Park Avenue,0,0,0,1,3.8,6,19,28,0,0,0
BUICK,Rendezvous FWD,0,0,0,1,3.4,6,19,26,1,0,0
CHEVROLET,Equinox AWD,0,0,0,1,3.4,6,19,25,1,1,0
CHEVROLET,Equinox FWD,0,0,0,1,3.4,6,19,25,1,0,0
CHEVROLET,Impala,0,0,0,1,3.8,6,19,28,0,0,0
CHEVROLET,Monte Carlo,0,0,0,1,3.8,6,19,28,0,0,0
CHEVROLET,Venture FWD,1,0,0,1,3.4,6,19,26,0,0,0
CHRYSLER,300C/SRT-8,0,0,0,1,3.5,6,19,27,0,0,0
CHRYSLER,Town & Country 2WD,1,0,0,1,3.3,6,19,26,0,0,0
DODGE,Caravan 2WD,1,0,0,1,3.3,6,19,26,0,0,0
DODGE,Magnum,0,0,0,1,3.5,6,19,27,1,0,0
FORD,Five Hundred AWD,0,0,0,1,3,6,19,26,0,1,0
FORD,Freestyle AWD,0,0,0,1,3,6,19,24,1,1,0
FORD,Mustang,0,0,0,1,4,6,19,25,0,0,0
FORD,Mustang,0,0,0,0,4,6,19,28,0,0,0
FORD,Taurus FFV,0,0,0,1,3,6,19,27,0,0,0
FORD,Taurus Wagon (2-Valve),0,1,0,1,3,6,19,25,0,0,0
FORD,Taurus Wagon (4-Valve),0,1,0,1,3,6,19,27,0,0,0
FORD,Taurus Wagon FFV,0,1,0,1,3,6,19,26,0,0,0
HONDA,Odyssey 2WD,1,0,0,1,3.5,6,19,25,0,0,0
HYUNDAI,SantaFe 2WD,0,0,0,1,2.7,6,19,25,1,0,0
HYUNDAI,Sonata,0,0,0,1,2.7,6,19,27,0,0,0
HYUNDAI,Tiburon,0,0,0,1,2.7,6,19,26,0,0,0
HYUNDAI,Tiburon,0,0,0,0,2.7,6,19,26,0,0,0
HYUNDAI,Tucson 4WD,0,0,0,1,2.7,6,19,24,1,0,0
INFINITI,G35,0,0,0,0,3.5,6,19,26,0,0,0
JAGUAR,X-Type,0,0,0,0,2.5,6,19,28,0,0,0
JAGUAR,X-Type Sport Brake,0,0,0,1,2.5,6,19,26,0,0,0
JAGUAR,X-Type Sport Brake,0,0,0,0,2.5,6,19,27,0,0,0
KIA,Sportage 2WD,0,0,0,1,2.7,6,19,25,1,0,0
KIA,Sportage 4WD,0,0,0,1,2.7,6,19,23,1,0,0
LEXUS,RX 330 2WD,0,0,0,1,3.3,6,19,25,1,0,0
MAZDA,,0,0,0,0,3,6,19,26,0,0,0
MAZDA,6 Sport Wagon,0,1,0,0,3,6,19,26,0,0,0
MERCEDES-BENZ,C240 4MATIC,0,0,0,1,2.6,6,19,25,0,0,0
MERCEDES-BENZ,C240 4MATIC Wagon,0,1,0,1,2.6,6,19,24,0,0,0
MERCEDES-BENZ,C320,0,0,0,0,3.2,6,19,26,0,0,0
MERCEDES-BENZ,C320 4MATIC,0,0,0,1,3.2,6,19,26,0,0,0
MERCEDES-BENZ,C320 Sports Coupe FFV,0,0,0,1,3.2,6,19,24,0,0,0
MERCEDES-BENZ,E320 4MATIC,0,0,0,1,3.2,6,19,25,0,0,0
MERCEDES-BENZ,SLK350,0,0,0,1,3.5,6,19,25,0,0,0
MERCURY,Montego AWD,0,0,0,1,3,6,19,26,0,1,0
MERCURY,Sable FFV,0,0,0,1,3,6,19,27,0,0,0
MERCURY,Sable Wagon (2-Valve),0,1,0,1,3,6,19,25,0,0,0
MERCURY,Sable Wagon (4-Valve),0,1,0,1,3,6,19,27,0,0,0
MERCURY,Sable Wagon FFV,0,1,0,1,3,6,19,26,0,0,0
MITSUBISHI,Galant,0,0,0,1,3.8,6,19,27,0,0,0
NISSAN,350Z,0,0,0,0,3.5,6,19,25,0,0,0
NISSAN,350Z,0,0,0,1,3.5,6,19,26,0,0,0
NISSAN,Quest,1,0,0,1,3.5,6,19,26,0,0,0
PONTIAC,Aztek FWD,0,0,0,1,3.4,6,19,26,1,0,0
PONTIAC,Grand Prix,0,0,0,1,3.8,6,19,28,0,0,0
PONTIAC,Montana FWD,1,0,0,1,3.4,6,19,26,0,0,0
PORSCHE,Carrera 2 Cabriolet (new body style),0,0,0,1,3.6,6,19,26,0,0,0
PORSCHE,Carrera 2 Coupe (new body style),0,0,0,1,3.6,6,19,26,0,0,0
PORSCHE,Carrera 2 S Cabriolet,0,0,0,1,3.8,6,19,26,0,0,0
PORSCHE,Carrera 2 S Coupe,0,0,0,1,3.8,6,19,26,0,0,0
SATURN,Vue AWD,0,0,0,1,3.5,6,19,25,1,1,0
SUBARU,Outback AWD,0,0,0,1,3,6,19,25,1,1,0
SUBARU,Outback Wagon AWD,0,0,0,1,3,6,19,25,1,1,0
SUZUKI,Grand Vitara,0,0,0,1,2.5,6,19,22,1,0,0
SUZUKI,Grand Vitara,0,0,0,0,2.5,6,19,22,1,0,0
SUZUKI,Grand Vitara 4WD,0,0,0,1,2.5,6,19,22,1,0,0
SUZUKI,Grand Vitara 4WD,0,0,0,0,2.5,6,19,22,1,0,0
TOYOTA,Highlander 2WD,0,0,0,1,3.3,6,19,25,1,0,0
TOYOTA,Sienna 2WD,1,0,0,1,3.3,6,19,26,0,0,0
VOLKSWAGEN,Passat,0,0,0,1,2.8,6,19,27,0,0,0
VOLKSWAGEN,Passat 4MOTION,0,0,0,1,2.8,6,19,26,0,0,0
VOLKSWAGEN,Passat Wagon,0,1,0,1,2.8,6,19,27,0,0,0
VOLKSWAGEN,Passat Wagon 4MOTION,0,1,0,1,2.8,6,19,26,0,0,0
CHEVROLET,Colorado 2WD,0,0,1,0,3.5,5,19,25,0,0,0
CHEVROLET,Colorado 4WD,0,0,1,0,3.5,5,19,24,0,0,0
GMC,Canyon 2WD,0,0,1,0,3.5,5,19,25,0,0,0
GMC,Canyon 4WD,0,0,1,0,3.5,5,19,24,0,0,0
VOLVO,S40 AWD,0,0,0,0,2.5,5,19,27,0,1,0
VOLVO,S60 AWD,0,0,0,1,2.5,5,19,26,0,1,0
VOLVO,S80 AWD,0,0,0,1,2.5,5,19,26,0,1,0
VOLVO,V50 AWD,0,1,0,0,2.5,5,19,27,0,1,0
VOLVO,V50 AWD,0,1,0,1,2.5,5,19,26,0,1,0
VOLVO,V70 AWD,0,1,0,1,2.5,5,19,26,0,1,0
VOLVO,V70 FWD,0,1,0,1,2.4,5,19,26,0,0,0
CHEVROLET,Colorado 4WD,0,0,1,0,2.8,4,19,23,0,0,0
CHEVROLET,Colorado Crew 4WD,0,0,1,0,2.8,4,19,23,0,0,0
CHRYSLER,PT Cruiser,0,0,0,1,2.4,4,19,26,1,0,0
CHRYSLER,PT Cruiser Conv/Cabrio,0,0,0,1,2.4,4,19,26,1,0,0
FORD,Escape 4WD,0,0,0,1,2.3,4,19,22,1,0,0
GMC,Canyon 4WD,0,0,1,0,2.8,4,19,23,0,0,0
GMC,Canyon Crew 4WD,0,0,1,0,2.8,4,19,23,0,0,0
MAZDA,Tribute 4WD,0,0,0,1,2.3,4,19,22,1,0,0
MITSUBISHI,Lancer Evolution,0,0,0,0,2,4,19,26,0,0,0
MITSUBISHI,Lancer Evolution,0,0,0,0,2,4,19,26,0,0,0
NISSAN,Frontier 2WD,0,0,1,1,2.5,4,19,24,0,0,0
SAAB,,0,0,0,1,2.3,4,19,28,0,0,0
SAAB,9-2X Wagon AWD,0,1,0,1,2,4,19,25,0,1,0
SAAB,9-3 Convertible,0,0,0,1,2,4,19,27,0,0,0
SAAB,9-5 Wagon,0,1,0,1,2.3,4,19,28,0,0,0
SUBARU,Baja AWD,0,0,0,0,2.5,4,19,25,1,1,0
SUBARU,Forester AWD,0,0,0,0,2.5,4,19,24,1,1,0
SUBARU,Impreza AWD,0,0,0,1,2,4,19,26,0,1,0
SUBARU,Impreza Wagon/Outback SPT AWD,0,1,0,1,2,4,19,26,0,1,0
SUBARU,Legacy AWD,0,0,0,0,2.5,4,19,25,0,1,0
SUBARU,Legacy AWD,0,0,0,1,2.5,4,19,25,0,1,0
SUBARU,Legacy Wagon AWD,0,1,0,0,2.5,4,19,25,0,1,0
SUBARU,Legacy Wagon AWD,0,1,0,1,2.5,4,19,25,0,1,0
SUBARU,Outback Wagon AWD,0,0,0,0,2.5,4,19,25,1,1,0
SUBARU,Outback Wagon AWD,0,0,0,1,2.5,4,19,24,1,1,0
TOYOTA,Tacoma 4WD,0,0,1,0,2.7,4,19,23,0,0,0
AUDI,A8,0,0,0,1,4.2,8,18,24,0,0,0
AUDI,A8 L,0,0,0,1,4.2,8,18,24,0,0,0
BMW,545I (3-Mode),0,0,0,1,4.4,8,18,26,0,0,0
BMW,645CI (3-Mode),0,0,0,1,4.4,8,18,26,0,0,0
BMW,645CI Conv (3-Mode),0,0,0,1,4.4,8,18,26,0,0,0
BMW,745I,0,0,0,1,4.4,8,18,26,0,0,0
BMW,745LI,0,0,0,1,4.4,8,18,26,0,0,0
CADILLAC,DeVille,0,0,0,1,4.6,8,18,26,0,0,0
CHEVROLET,C15 Silverado Hybrid 2WD,0,0,1,1,5.3,8,18,21,0,0,1
CHEVROLET,Corvette,0,0,0,1,6,8,18,26,0,0,0
CHEVROLET,Corvette,0,0,0,0,6,8,18,28,0,0,0
FORD,Crown Victoria,0,0,0,1,4.6,8,18,25,0,0,0
FORD,Mustang,0,0,0,1,4.6,8,18,23,0,0,0
FORD,Thunderbird,0,0,0,1,3.9,8,18,24,0,0,0
GMC,C15 Sierra Hybrid 2WD,0,0,1,1,5.3,8,18,21,0,0,1
JAGUAR,VDP LWB,0,0,0,1,4.2,8,18,27,0,0,0
JAGUAR,XJ8L,0,0,0,1,4.2,8,18,28,0,0,0
JAGUAR,XK8,0,0,0,1,4.2,8,18,26,0,0,0
JAGUAR,XK8 Conv,0,0,0,1,4.2,8,18,26,0,0,0
LEXUS,GS 300/GS 430,0,0,0,1,4.3,8,18,23,0,0,0
LEXUS,LS 430,0,0,0,1,4.3,8,18,25,0,0,0
LEXUS,SC 430,0,0,0,1,4.3,8,18,23,0,0,0
LINCOLN,LS,0,0,0,1,3.9,8,18,24,0,0,0
LINCOLN,Town Car,0,0,0,1,4.6,8,18,25,0,0,0
MERCURY,Grand Marquis,0,0,0,1,4.6,8,18,25,0,0,0
PONTIAC,Grand Prix,0,0,0,1,5.3,8,18,27,0,0,0
ACURA,RL,0,0,0,1,3.5,6,18,26,0,0,0
AUDI,A4 Avant Quattro,0,1,0,0,3,6,18,26,0,0,0
AUDI,A4 Avant Quattro,0,1,0,1,3,6,18,26,0,0,0
AUDI,A4 Cabriolet Quattro,0,0,0,1,3,6,18,26,0,0,0
AUDI,A4 Quattro,0,0,0,0,3,6,18,26,0,0,0
AUDI,A4 Quattro,0,0,0,1,3,6,18,26,0,0,0
BMW,325CI Conv,0,0,0,1,2.5,6,18,26,0,0,0
BMW,330CI Conv,0,0,0,1,3,6,18,25,0,0,0
BMW,330XI,0,0,0,1,3,6,18,25,0,0,0
BUICK,Rendezvous AWD,0,0,0,1,3.4,6,18,24,1,1,0
BUICK,Rendezvous AWD,0,0,0,1,3.6,6,18,25,1,1,0
BUICK,Rendezvous FWD,0,0,0,1,3.6,6,18,27,1,0,0
BUICK,Terraza FWD,1,0,0,1,3.5,6,18,24,0,0,0
CADILLAC,CTS,0,0,0,1,2.8,6,18,27,0,0,0
CADILLAC,CTS,0,0,0,1,3.6,6,18,27,0,0,0
CHEVROLET,Uplander FWD,1,0,0,1,3.5,6,18,24,0,0,0
CHRYSLER,Pacifica 2WD,0,0,0,1,3.8,6,18,25,1,0,0
CHRYSLER,Town & Country 2WD,1,0,0,1,3.8,6,18,25,0,0,0
CHRYSLER,Town & Country 2WD FFV,1,0,0,1,3.3,6,18,25,0,0,0
DODGE,Caravan 2WD,1,0,0,1,3.8,6,18,25,0,0,0
DODGE,Caravan 2WD FFV,1,0,0,1,3.3,6,18,25,0,0,0
FORD,Escape 4WD,0,0,0,1,3,6,18,22,1,0,0
FORD,Freestar Cargo Van FWD,1,0,0,1,3.9,6,18,23,0,0,0
FORD,Freestar Wagon FWD,1,0,0,1,3.8,6,18,23,0,0,0
FORD,Ranger Pickup 2WD,0,0,1,1,3,6,18,22,0,0,0
FORD,Ranger Pickup 2WD,0,0,1,0,3,6,18,23,0,0,0
FORD,Ranger Pickup 2WD,0,0,1,0,4,6,18,23,0,0,0
HYUNDAI,SantaFe 4WD,0,0,0,1,2.7,6,18,23,1,0,0
HYUNDAI,Tiburon,0,0,0,0,2.7,6,18,26,0,0,0
HYUNDAI,XG350,0,0,0,1,3.5,6,18,26,0,0,0
INFINITI,G35,0,0,0,1,3.5,6,18,25,0,0,0
INFINITI,G35,0,0,0,1,3.5,6,18,25,0,0,0
JAGUAR,S-Type 3,0,0,0,0,3,6,18,26,0,0,0
JAGUAR,X-Type,0,0,0,1,2.5,6,18,26,0,0,0
JAGUAR,X-Type,0,0,0,1,3,6,18,25,0,0,0
JAGUAR,X-Type,0,0,0,0,3,6,18,28,0,0,0
JAGUAR,X-Type Sport Brake,0,0,0,1,3,6,18,24,0,0,0
JAGUAR,X-Type Sport Brake,0,0,0,0,3,6,18,27,0,0,0
JEEP,Liberty/Cherokee 2WD,0,0,0,0,3.7,6,18,22,1,0,0
JEEP,Liberty/Cherokee 4WD,0,0,0,0,3.7,6,18,22,1,0,0
LAND ROVER,Freelander,0,0,0,1,2.5,6,18,21,1,0,0
LEXUS,GS 300/GS 430,0,0,0,1,3,6,18,25,0,0,0
LEXUS,IS 300,0,0,0,0,3,6,18,25,0,0,0
LEXUS,IS 300,0,0,0,1,3,6,18,24,0,0,0
LEXUS,RX 330 4WD,0,0,0,1,3.3,6,18,24,1,0,0
MAZDA,B3000,0,0,1,1,3,6,18,22,0,0,0
MAZDA,B3000,0,0,1,0,3,6,18,23,0,0,0
MAZDA,B4000 2WD,0,0,1,0,4,6,18,23,0,0,0
MAZDA,MPV,1,0,0,1,3,6,18,25,0,0,0
MAZDA,Tribute 4WD,0,0,0,1,3,6,18,22,1,0,0
MERCEDES-BENZ,E320 4MATIC Wagon,0,1,0,1,3.2,6,18,24,0,0,0
MERCEDES-BENZ,SLK350,0,0,0,0,3.5,6,18,25,0,0,0
MERCURY,Mariner 4WD,0,0,0,1,3,6,18,23,1,0,0
NISSAN,350Z Roadster,0,0,0,1,3.5,6,18,25,0,0,0
NISSAN,Quest,1,0,0,1,3.5,6,18,25,0,0,0
PONTIAC,Aztek AWD,0,0,0,1,3.4,6,18,24,1,1,0
PONTIAC,Grand Prix,0,0,0,1,3.8,6,18,27,0,0,0
PONTIAC,Montana SVX FWD,1,0,0,1,3.5,6,18,24,0,0,0
PORSCHE,Carrera 2 Cabriolet,0,0,0,1,3.6,6,18,26,0,0,0
PORSCHE,Carrera 2 Cabriolet,0,0,0,0,3.6,6,18,26,0,0,0
PORSCHE,Carrera 2 Cabriolet Kit,0,0,0,1,3.6,6,18,26,0,0,0
PORSCHE,Carrera 2 Cabriolet Kit,0,0,0,0,3.6,6,18,26,0,0,0
PORSCHE,Carrera 2 Coupe,0,0,0,1,3.6,6,18,26,0,0,0
PORSCHE,Carrera 2 Coupe,0,0,0,0,3.6,6,18,26,0,0,0
PORSCHE,Carrera 2 Coupe Kit,0,0,0,1,3.6,6,18,26,0,0,0
PORSCHE,Carrera 2 Coupe Kit,0,0,0,0,3.6,6,18,26,0,0,0
PORSCHE,Carrera 2 S Cabriolet,0,0,0,0,3.8,6,18,26,0,0,0
PORSCHE,Carrera 2 S Coupe,0,0,0,0,3.8,6,18,26,0,0,0
PORSCHE,Targa,0,0,0,1,3.6,6,18,26,0,0,0
PORSCHE,Targa,0,0,0,0,3.6,6,18,26,0,0,0
PORSCHE,Targa Kit,0,0,0,1,3.6,6,18,26,0,0,0
PORSCHE,Targa Kit,0,0,0,0,3.6,6,18,26,0,0,0
SATURN,Relay FWD,1,0,0,1,3.5,6,18,24,0,0,0
SUZUKI,Grand Vitara XL7,0,0,0,1,2.7,6,18,22,1,0,0
TOYOTA,4Runner 2WD,0,0,0,1,4,6,18,22,1,0,0
TOYOTA,Highlander 4WD,0,0,0,1,3.3,6,18,24,1,0,0
TOYOTA,Sienna 4WD,1,0,0,1,3.3,6,18,24,0,0,0
TOYOTA,Tacoma 2WD,0,0,1,1,4,6,18,22,0,0,0
TOYOTA,Tundra 2WD,0,0,1,1,4,6,18,22,0,0,0
VOLVO,S80 FWD,0,0,0,1,2.9,6,18,26,0,0,0
CHEVROLET,Colorado 2WD,0,0,1,1,3.5,5,18,23,0,0,0
CHEVROLET,Colorado 4WD,0,0,1,1,3.5,5,18,22,0,0,0
CHEVROLET,Colorado Crew 2WD,0,0,1,1,3.5,5,18,23,0,0,0
GMC,Canyon 2WD,0,0,1,1,3.5,5,18,23,0,0,0
GMC,Canyon 4WD,0,0,1,1,3.5,5,18,22,0,0,0
GMC,Canyon Crew 2WD,0,0,1,1,3.5,5,18,23,0,0,0
VOLVO,S60 R AWD,0,0,0,0,2.5,5,18,24,0,1,0
VOLVO,S60 R AWD,0,0,0,1,2.5,5,18,24,0,1,0
VOLVO,V70 R AWD,0,1,0,0,2.5,5,18,24,0,1,0
VOLVO,V70 R AWD,0,1,0,1,2.5,5,18,24,0,1,0
VOLVO,XC 70 AWD,0,0,0,1,2.5,5,18,24,1,1,0
VOLVO,XC 90 FWD,0,0,0,1,2.5,5,18,23,1,0,0
CHEVROLET,Colorado 2WD,0,0,1,1,2.8,4,18,25,0,0,0
CHEVROLET,Colorado Crew 2WD,0,0,1,1,2.8,4,18,25,0,0,0
GMC,Canyon 2WD,0,0,1,1,2.8,4,18,25,0,0,0
GMC,Canyon Crew 2WD,0,0,1,1,2.8,4,18,25,0,0,0
JEEP,Wrangler/TJ 4WD,0,0,0,0,2.4,4,18,21,1,0,0
SUBARU,Baja AWD,0,0,0,1,2.5,4,18,23,1,1,0
SUBARU,Impreza AWD,0,0,0,0,2.5,4,18,24,0,1,0
MAZDA,RX-8,0,0,0,0,1.3,-1,18,24,0,0,0
MAZDA,RX-8,0,0,0,1,1.3,-1,18,24,0,0,0
BMW,545I,0,0,0,0,4.4,8,17,25,0,0,0
BMW,645CI,0,0,0,0,4.4,8,17,25,0,0,0
CADILLAC,DeVille,0,0,0,1,4.6,8,17,24,0,0,0
CADILLAC,STS,0,0,0,1,4.6,8,17,26,0,0,0
CADILLAC,XLR,0,0,0,1,4.6,8,17,25,0,0,0
CHEVROLET,K15 Silverado Hybrid 4WD,0,0,1,1,5.3,8,17,19,0,0,1
CHRYSLER,300C AWD,0,0,0,1,5.7,8,17,24,0,1,0
CHRYSLER,300C/SRT-8,0,0,0,1,5.7,8,17,25,0,0,0
DODGE,Magnum,0,0,0,1,5.7,8,17,25,1,0,0
DODGE,Magnum AWD,0,0,0,1,5.7,8,17,24,1,1,0
FORD,Mustang,0,0,0,0,4.6,8,17,25,0,0,0
FORD,Thunderbird,0,0,0,1,3.9,8,17,24,0,0,0
GMC,K15 Sierra Hybrid 4WD,0,0,1,1,5.3,8,17,19,0,0,1
INFINITI,Q45,0,0,0,1,4.5,8,17,23,0,0,0
JAGUAR,S-Type R,0,0,0,1,4.2,8,17,24,0,0,0
JAGUAR,Super V8,0,0,0,1,4.2,8,17,24,0,0,0
LINCOLN,LS,0,0,0,1,3.9,8,17,24,0,0,0
MERCEDES-BENZ,CLK500,0,0,0,1,5,8,17,25,0,0,0
MERCEDES-BENZ,CLK500 Cabriolet,0,0,0,1,5,8,17,25,0,0,0
MERCEDES-BENZ,E500,0,0,0,1,5,8,17,25,0,0,0
MERCEDES-BENZ,S430,0,0,0,1,4.3,8,17,26,0,0,0
MERCEDES-BENZ,S430 4MATIC,0,0,0,1,4.3,8,17,22,0,0,0
PONTIAC,Bonneville,0,0,0,1,4.6,8,17,24,0,0,0
PONTIAC,GTO,0,0,0,0,6,8,17,25,0,0,0
TOYOTA,4Runner 2WD,0,0,0,1,4.7,8,17,20,1,0,0
ACURA,MDX 4WD,0,0,0,1,3.5,6,17,23,1,0,0
ACURA,NSX,0,0,0,1,3,6,17,24,0,0,0
ACURA,NSX,0,0,0,0,3.2,6,17,24,0,0,0
BMW,X3,0,0,0,0,2.5,6,17,24,1,0,0
BMW,X3,0,0,0,1,2.5,6,17,23,1,0,0
BMW,X3,0,0,0,0,3,6,17,25,1,0,0
BUICK,Terraza AWD,1,0,0,1,3.5,6,17,23,0,1,0
CADILLAC,CTS,0,0,0,0,2.8,6,17,27,0,0,0
CADILLAC,CTS,0,0,0,0,3.6,6,17,27,0,0,0
CADILLAC,STS,0,0,0,1,3.6,6,17,24,0,0,0
CHEVROLET,Uplander AWD,1,0,0,1,3.5,6,17,23,0,1,0
CHRYSLER,300C AWD,0,0,0,1,3.5,6,17,24,0,1,0
CHRYSLER,Crossfire Coupe,0,0,0,1,3.2,6,17,24,0,0,0
CHRYSLER,Crossfire Coupe,0,0,0,0,3.2,6,17,25,0,0,0
CHRYSLER,Crossfire Roadster,0,0,0,1,3.2,6,17,24,0,0,0
CHRYSLER,Crossfire Roadster,0,0,0,0,3.2,6,17,25,0,0,0
CHRYSLER,Pacifica 2WD,0,0,0,1,3.5,6,17,23,1,0,0
CHRYSLER,Pacifica AWD,0,0,0,1,3.5,6,17,22,1,1,0
DODGE,Magnum AWD,0,0,0,1,3.5,6,17,24,1,1,0
FORD,Freestar Cargo Van FWD,1,0,0,1,4.2,6,17,23,0,0,0
FORD,Freestar Wagon FWD,1,0,0,1,4.2,6,17,23,0,0,0
FORD,Ranger Pickup 2WD,0,0,1,1,4,6,17,22,0,0,0
FORD,Ranger Pickup 4WD,0,0,1,0,3,6,17,21,0,0,0
HONDA,Pilot 4WD,0,0,0,1,3.5,6,17,22,1,0,0
HYUNDAI,SantaFe 2WD,0,0,0,1,3.5,6,17,23,1,0,0
HYUNDAI,SantaFe 4WD,0,0,0,1,3.5,6,17,23,1,0,0
INFINITI,FX35 RWD,0,0,0,1,3.5,6,17,23,1,0,0
INFINITI,G35,0,0,0,1,3.5,6,17,24,0,0,0
JEEP,Grand Cherokee 2WD,0,0,0,1,3.7,6,17,22,1,0,0
JEEP,Grand Cherokee 4WD,0,0,0,1,3.7,6,17,21,1,0,0
JEEP,Liberty/Cherokee 2WD,0,0,0,1,3.7,6,17,22,1,0,0
JEEP,Liberty/Cherokee 4WD,0,0,0,1,3.7,6,17,22,1,0,0
KIA,Amanti,0,0,0,1,3.5,6,17,25,0,0,0
MAZDA,B4000 2WD,0,0,1,1,4,6,17,22,0,0,0
MERCEDES-BENZ,C320 Sports Coupe,0,0,0,0,3.2,6,17,24,0,0,0
MERCURY,Monterey Wagon FWD,1,0,0,1,4.2,6,17,23,0,0,0
MITSUBISHI,Diamante Sedan,0,0,0,1,3.5,6,17,25,0,0,0
MITSUBISHI,Endeavor 2WD,0,0,0,1,3.8,6,17,23,1,0,0
MITSUBISHI,Endeavor 4WD,0,0,0,1,3.8,6,17,22,1,0,0
NISSAN,Frontier V6-2WD,0,0,1,0,4,6,17,21,0,0,0
NISSAN,Frontier V6-4WD,0,0,1,0,4,6,17,21,0,0,0
NISSAN,Xterra 2WD,0,0,0,0,4,6,17,22,1,0,0
NISSAN,Xterra 4WD,0,0,0,0,4,6,17,21,1,0,0
PONTIAC,Montana SVX AWD,1,0,0,1,3.5,6,17,23,0,1,0
PORSCHE,Carrera 4 Cabriolet,0,0,0,1,3.6,6,17,23,0,0,0
PORSCHE,Carrera 4 Cabriolet,0,0,0,0,3.6,6,17,24,0,0,0
PORSCHE,Carrera 4 Cabriolet Kit,0,0,0,1,3.6,6,17,23,0,0,0
PORSCHE,Carrera 4 Cabriolet Kit,0,0,0,0,3.6,6,17,24,0,0,0
PORSCHE,Carrera 4 S Cabriolet,0,0,0,1,3.6,6,17,23,0,0,0
PORSCHE,Carrera 4 S Cabriolet,0,0,0,0,3.6,6,17,24,0,0,0
PORSCHE,Carrera 4 S Cabriolet Kit,0,0,0,1,3.6,6,17,23,0,0,0
PORSCHE,Carrera 4 S Cabriolet Kit,0,0,0,0,3.6,6,17,24,0,0,0
PORSCHE,Carrera 4 S Coupe,0,0,0,1,3.6,6,17,23,0,0,0
PORSCHE,Carrera 4 S Coupe,0,0,0,0,3.6,6,17,24,0,0,0
PORSCHE,Carrera 4 S Kit,0,0,0,1,3.6,6,17,23,0,0,0
PORSCHE,Carrera 4 S Kit,0,0,0,0,3.6,6,17,24,0,0,0
SATURN,Relay AWD,1,0,0,1,3.5,6,17,23,0,1,0
SUZUKI,Grand Vitara XL7,0,0,0,0,2.7,6,17,22,1,0,0
SUZUKI,Grand Vitara XL7 4WD,0,0,0,1,2.7,6,17,22,1,0,0
SUZUKI,Grand Vitara XL7 4WD,0,0,0,0,2.7,6,17,22,1,0,0
TOYOTA,4Runner 4WD,0,0,0,1,4,6,17,21,1,0,0
TOYOTA,Tacoma 4WD,0,0,1,1,4,6,17,21,0,0,0
CHEVROLET,Colorado Crew 4WD,0,0,1,1,3.5,5,17,22,0,0,0
GMC,Canyon Crew 4WD,0,0,1,1,3.5,5,17,22,0,0,0
VOLVO,XC 90 AWD,0,0,0,1,2.5,5,17,22,1,1,0
CHEVROLET,Colorado 4WD,0,0,1,1,2.8,4,17,23,0,0,0
CHEVROLET,Colorado Crew 4WD,0,0,1,1,2.8,4,17,23,0,0,0
GMC,Canyon 4WD,0,0,1,1,2.8,4,17,23,0,0,0
GMC,Canyon Crew 4WD,0,0,1,1,2.8,4,17,23,0,0,0
AUDI,Allroad Quattro,0,0,0,1,4.2,8,16,21,1,0,0
BMW,545I (4-Mode),0,0,0,1,4.4,8,16,24,0,0,0
BMW,645CI (4-Mode),0,0,0,1,4.4,8,16,24,0,0,0
BMW,X5,0,0,0,1,4.4,8,16,22,1,0,0
BUICK,Ranier 2WD,0,0,0,1,5.3,8,16,20,1,0,0
CADILLAC,STS AWD,0,0,0,1,4.6,8,16,22,0,1,0
CHEVROLET,C1500 Silverado 2WD,0,0,1,1,4.8,8,16,21,0,0,0
CHEVROLET,C1500 Silverado 2WD,0,0,1,0,4.8,8,16,21,0,0,0
CHEVROLET,C1500 Silverado 2WD,0,0,1,1,5.3,8,16,20,0,0,0
CHEVROLET,C1500 Silverado 2WD FFV,0,0,1,1,5.3,8,16,20,0,0,0
CHEVROLET,C1500 Tahoe 2WD,0,0,0,1,4.8,8,16,20,1,0,0
CHEVROLET,K1500 Silverado 4WD,0,0,1,1,4.8,8,16,19,0,0,0
CHEVROLET,K1500 Tahoe 4WD,0,0,0,1,4.8,8,16,20,1,0,0
GMC,C1500 Sierra 2WD,0,0,1,1,4.8,8,16,21,0,0,0
GMC,C1500 Sierra 2WD,0,0,1,0,4.8,8,16,21,0,0,0
GMC,C1500 Sierra 2WD,0,0,1,1,5.3,8,16,20,0,0,0
GMC,C1500 Sierra 2WD FFV,0,0,1,1,5.3,8,16,20,0,0,0
GMC,C1500 Yukon 2WD,0,0,0,1,4.8,8,16,20,1,0,0
GMC,Envoy 2WD,0,0,0,1,5.3,8,16,20,1,0,0
GMC,K1500 Sierra 4WD,0,0,1,1,4.8,8,16,19,0,0,0
GMC,K1500 Yukon 4WD,0,0,0,1,4.8,8,16,20,1,0,0
JAGUAR,XKR,0,0,0,1,4.2,8,16,23,0,0,0
JAGUAR,XKR Conv,0,0,0,1,4.2,8,16,23,0,0,0
MERCEDES-BENZ,C55 AMG,0,0,0,1,5.4,8,16,22,0,0,0
MERCEDES-BENZ,CL500,0,0,0,1,5,8,16,24,0,0,0
MERCEDES-BENZ,CLK55 AMG,0,0,0,1,5.4,8,16,22,0,0,0
MERCEDES-BENZ,CLK55 AMG Cabriolet,0,0,0,1,5.4,8,16,22,0,0,0
MERCEDES-BENZ,E500 4MATIC,0,0,0,1,5,8,16,20,0,0,0
MERCEDES-BENZ,E500 4MATIC Wagon,0,1,0,1,5,8,16,20,0,0,0
MERCEDES-BENZ,S500,0,0,0,1,5,8,16,24,0,0,0
MERCEDES-BENZ,S500 4MATIC,0,0,0,1,5,8,16,22,0,0,0
MERCEDES-BENZ,SL500,0,0,0,1,5,8,16,23,0,0,0
MERCEDES-BENZ,SLK55 AMG,0,0,0,0,5.4,8,16,22,0,0,0
PONTIAC,GTO,0,0,0,1,6,8,16,21,0,0,0
TOYOTA,4Runner 4WD,0,0,0,1,4.7,8,16,19,1,0,0
TOYOTA,Tundra 2WD,0,0,1,1,4.7,8,16,18,0,0,0
VOLKSWAGEN,Phaeton,0,0,0,1,4.2,8,16,22,0,0,0
AUDI,Allroad Quattro,0,0,0,0,2.7,6,16,23,1,0,0
AUDI,Allroad Quattro,0,0,0,1,2.7,6,16,22,1,0,0
BMW,M3,0,0,0,0,3.2,6,16,24,0,0,0
BMW,M3,0,0,0,1,3.2,6,16,23,0,0,0
BMW,M3 Conv,0,0,0,0,3.2,6,16,23,0,0,0
BMW,M3 Conv (6-Mode),0,0,0,1,3.2,6,16,22,0,0,0
BMW,X3,0,0,0,1,3,6,16,23,1,0,0
BMW,X5,0,0,0,1,3,6,16,21,1,0,0
BUICK,Ranier 2WD,0,0,0,1,4.2,6,16,21,1,0,0
CADILLAC,SRX 2WD,0,0,0,1,3.6,6,16,23,1,0,0
CADILLAC,SRX AWD,0,0,0,1,3.6,6,16,22,1,1,0
CHEVROLET,Astro 2WD,0,0,0,1,4.3,6,16,21,0,0,0
CHEVROLET,Blazer 2WD,0,0,0,1,4.3,6,16,22,1,0,0
CHEVROLET,Blazer 2WD,0,0,0,0,4.3,6,16,22,1,0,0
CHEVROLET,C1500 Silverado 2WD,0,0,1,1,4.3,6,16,21,0,0,0
CHEVROLET,C1500 Silverado 2WD,0,0,1,0,4.3,6,16,22,0,0,0
CHEVROLET,Trailblazer 2WD,0,0,0,1,4.2,6,16,21,1,0,0
DODGE,Dakota Pickup 2WD,0,0,1,1,3.7,6,16,22,0,0,0
DODGE,Dakota Pickup 2WD,0,0,1,0,3.7,6,16,22,0,0,0
DODGE,Dakota Pickup 4WD,0,0,1,0,3.7,6,16,20,0,0,0
DODGE,Durango 2WD,0,0,0,1,3.7,6,16,21,1,0,0
DODGE,Ram 1500 Pickup 2WD,0,0,1,1,3.7,6,16,21,0,0,0
DODGE,Ram 1500 Pickup 2WD,0,0,1,0,3.7,6,16,21,0,0,0
FORD,Explorer 2WD,0,0,0,1,4,6,16,21,1,0,0
FORD,Ranger Pickup 4WD,0,0,1,1,3,6,16,20,0,0,0
FORD,Ranger Pickup 4WD,0,0,1,1,4,6,16,20,0,0,0
FORD,Ranger Pickup 4WD,0,0,1,0,4,6,16,19,0,0,0
GMC,C1500 Sierra 2WD,0,0,1,1,4.3,6,16,21,0,0,0
GMC,C1500 Sierra 2WD,0,0,1,0,4.3,6,16,22,0,0,0
GMC,Envoy 2WD,0,0,0,1,4.2,6,16,21,1,0,0
GMC,Safari 2WD,0,0,0,1,4.3,6,16,21,0,0,0
INFINITI,FX35 AWD,0,0,0,1,3.5,6,16,22,1,1,0
ISUZU,Ascender 5-Passenger 2WD,0,0,0,1,4.2,6,16,21,1,0,0
KIA,Sedona,1,0,0,1,3.5,6,16,22,0,0,0
KIA,Sorento 2WD,0,0,0,1,3.5,6,16,22,1,0,0
KIA,Sorento 2WD,0,0,0,0,3.5,6,16,20,1,0,0
KIA,Sorento 4WD,0,0,0,0,3.5,6,16,20,1,0,0
MAZDA,B4000 4WD,0,0,1,1,4,6,16,20,0,0,0
MAZDA,B4000 4WD,0,0,1,0,4,6,16,19,0,0,0
MERCURY,Mountaineer 2WD,0,0,0,1,4,6,16,21,1,0,0
NISSAN,Frontier V6-2WD,0,0,1,1,4,6,16,20,0,0,0
NISSAN,Pathfinder 2WD,0,0,0,1,4,6,16,23,1,0,0
NISSAN,Xterra 2WD,0,0,0,1,4,6,16,22,1,0,0
NISSAN,Xterra 4WD,0,0,0,1,4,6,16,21,1,0,0
TOYOTA,Tacoma 2WD,0,0,1,0,4,6,16,21,0,0,0
TOYOTA,Tacoma 4WD,0,0,1,0,4,6,16,20,0,0,0
TOYOTA,Tundra 2WD,0,0,1,0,4,6,16,20,0,0,0
VOLKSWAGEN,Touareg,0,0,0,1,3.2,6,16,21,1,0,0
AUDI,A8 L,0,0,0,1,6,12,15,21,0,0,0
BMW,760I,0,0,0,1,6,12,15,23,0,0,0
BMW,760LI,0,0,0,1,6,12,15,23,0,0,0
AUDI,S4,0,0,0,0,4.2,8,15,21,0,0,0
AUDI,S4,0,0,0,1,4.2,8,15,23,0,0,0
AUDI,S4 Avant,0,1,0,0,4.2,8,15,21,0,0,0
AUDI,S4 Avant,0,1,0,1,4.2,8,15,23,0,0,0
AUDI,S4 Cabriolet,0,0,0,0,4.2,8,15,21,0,0,0
AUDI,S4 Cabriolet,0,0,0,1,4.2,8,15,22,0,0,0
BMW,645CI Conv,0,0,0,0,4.4,8,15,23,0,0,0
BMW,645CI Conv (4-Mode),0,0,0,1,4.4,8,15,22,0,0,0
BUICK,Ranier AWD,0,0,0,1,5.3,8,15,19,1,1,0
CADILLAC,CTS,0,0,0,0,5.7,8,15,23,0,0,0
CADILLAC,Escalade 2WD,0,0,0,1,5.3,8,15,20,1,0,0
CADILLAC,Limousine,0,0,0,1,4.6,8,15,21,0,0,0
CADILLAC,SRX 2WD,0,0,0,1,4.6,8,15,21,1,0,0
CADILLAC,SRX AWD,0,0,0,1,4.6,8,15,20,1,1,0
CHEVROLET,C1500 Suburban 2WD FFV,0,0,0,1,5.3,8,15,19,1,0,0
CHEVROLET,C1500 Tahoe 2WD,0,0,0,1,5.3,8,15,20,1,0,0
CHEVROLET,C1500 Tahoe 2WD FFV,0,0,0,1,5.3,8,15,19,1,0,0
CHEVROLET,K1500 Silverado 4WD,0,0,1,0,4.8,8,15,19,0,0,0
CHEVROLET,K1500 Silverado 4WD,0,0,1,1,5.3,8,15,19,0,0,0
CHEVROLET,K1500 Silverado 4WD FFV,0,0,1,1,5.3,8,15,18,0,0,0
CHEVROLET,K1500 Suburban 4WD,0,0,0,1,5.3,8,15,19,1,0,0
CHEVROLET,K1500 Tahoe 4WD,0,0,0,1,5.3,8,15,19,1,0,0
CHEVROLET,K1500 Tahoe AWD,0,0,0,1,5.3,8,15,19,1,1,0
CHEVROLET,SSR Pickup 2WD,0,0,1,1,6,8,15,19,0,0,0
CHEVROLET,Trailblazer EXT 2WD,0,0,0,1,5.3,8,15,20,1,0,0
DODGE,Dakota Pickup 2WD,0,0,1,1,4.7,8,15,20,0,0,0
DODGE,Dakota Pickup 2WD,0,0,1,0,4.7,8,15,20,0,0,0
DODGE,Dakota Pickup 4WD,0,0,1,1,4.7,8,15,20,0,0,0
DODGE,Dakota Pickup 4WD,0,0,1,0,4.7,8,15,19,0,0,0
FORD,E150 Club Wagon,0,0,0,1,4.6,8,15,19,0,0,0
FORD,Explorer 2WD,0,0,0,1,4.6,8,15,20,1,0,0
FORD,F150 Pickup 2WD,0,0,1,1,4.6,8,15,19,0,0,0
GMC,C1500 Yukon 2WD,0,0,0,1,5.3,8,15,20,1,0,0
GMC,C1500 Yukon 2WD FFV,0,0,0,1,5.3,8,15,19,1,0,0
GMC,Envoy 4WD,0,0,0,1,5.3,8,15,19,1,0,0
GMC,Envoy XL 2WD,0,0,0,1,5.3,8,15,20,1,0,0
GMC,Envoy XUV 2WD,0,0,0,1,5.3,8,15,21,1,0,0
GMC,K1500 Sierra 4WD,0,0,1,0,4.8,8,15,19,0,0,0
GMC,K1500 Sierra 4WD,0,0,1,1,5.3,8,15,19,0,0,0
GMC,K1500 Sierra 4WD FFV,0,0,1,1,5.3,8,15,18,0,0,0
GMC,K1500 Yukon 4WD,0,0,0,1,5.3,8,15,19,1,0,0
GMC,K1500 Yukon AWD,0,0,0,1,5.3,8,15,19,1,1,0
INFINITI,FX45 AWD,0,0,0,1,4.5,8,15,19,1,1,0
ISUZU,Ascender 7-Passenger 2WD,0,0,0,1,5.3,8,15,20,1,0,0
JEEP,Grand Cherokee 2WD,0,0,0,1,4.7,8,15,20,1,0,0
JEEP,Grand Cherokee 4WD,0,0,0,1,4.7,8,15,20,1,0,0
LEXUS,GX470,0,0,0,1,4.7,8,15,19,1,0,0
MERCURY,Mountaineer 2WD,0,0,0,1,4.6,8,15,20,1,0,0
SAAB,9-7X AWD,0,0,0,1,5.3,8,15,19,1,1,0
TOYOTA,Sequoia 2WD,0,0,0,1,4.7,8,15,18,1,0,0
TOYOTA,Sequoia 4WD,0,0,0,1,4.7,8,15,18,1,0,0
TOYOTA,Tundra 4WD,0,0,1,1,4.7,8,15,18,0,0,0
VOLVO,XC 90 AWD,0,0,0,1,4.4,8,15,20,1,1,0
BMW,X5,0,0,0,0,3,6,15,21,1,0,0
BUICK,Ranier AWD,0,0,0,1,4.2,6,15,20,1,1,0
CHEVROLET,Blazer 4WD,0,0,0,1,4.3,6,15,19,1,0,0
CHEVROLET,Blazer 4WD,0,0,0,0,4.3,6,15,19,1,0,0
CHEVROLET,G1500/2500 Chevy Express 2WD,0,0,0,1,4.3,6,15,19,0,0,0
CHEVROLET,K1500 Silverado 4WD,0,0,1,0,4.3,6,15,20,0,0,0
CHEVROLET,Trailblazer 4WD,0,0,0,1,4.2,6,15,20,1,0,0
CHEVROLET,Trailblazer EXT 2WD,0,0,0,1,4.2,6,15,19,1,0,0
DODGE,Dakota Pickup 4WD,0,0,1,1,3.7,6,15,19,0,0,0
FORD,Explorer 2WD FFV,0,0,0,1,4,6,15,20,1,0,0
FORD,Explorer Sport Trac 2WD FFV,0,0,1,1,4,6,15,20,0,0,0
FORD,F150 Pickup 2WD,0,0,1,1,4.2,6,15,20,0,0,0
FORD,F150 Pickup 2WD,0,0,1,0,4.2,6,15,20,0,0,0
GMC,Envoy 4WD,0,0,0,1,4.2,6,15,20,1,0,0
GMC,Envoy XL 2WD,0,0,0,1,4.2,6,15,19,1,0,0
GMC,Envoy XUV 2WD,0,0,0,1,4.2,6,15,19,1,0,0
GMC,G1500/2500 Savana 2WD,0,0,0,1,4.3,6,15,19,0,0,0
GMC,K1500 Sierra 4WD,0,0,1,1,4.3,6,15,18,0,0,0
GMC,K1500 Sierra 4WD,0,0,1,0,4.3,6,15,20,0,0,0
ISUZU,Ascender 5-Passenger 4WD,0,0,0,1,4.2,6,15,20,1,0,0
ISUZU,Ascender 7-Passenger 2WD,0,0,0,1,4.2,6,15,19,1,0,0
ISUZU,Ascender 7-Passenger 4WD,0,0,0,1,4.2,6,15,20,1,0,0
JEEP,Wrangler/TJ 4WD,0,0,0,0,4,6,15,19,1,0,0
KIA,Sorento 4WD,0,0,0,1,3.5,6,15,20,1,0,0
MERCEDES-BENZ,ML350,0,0,0,1,3.7,6,15,18,1,0,0
MERCURY,Mountaineer 2WD FFV,0,0,0,1,4,6,15,20,1,0,0
MITSUBISHI,Montero,0,0,0,1,3.8,6,15,19,1,0,0
NISSAN,Frontier V6-4WD,0,0,1,1,4,6,15,20,0,0,0
NISSAN,Pathfinder 4WD,0,0,0,1,4,6,15,21,1,0,0
PORSCHE,Carrera 2 911 GT3,0,0,0,0,3.6,6,15,23,0,0,0
PORSCHE,Cayenne,0,0,0,1,3.2,6,15,19,1,0,0
PORSCHE,Cayenne,0,0,0,0,3.2,6,15,20,1,0,0
PORSCHE,Turbo 2 911 GT2,0,0,0,0,3.6,6,15,23,0,0,0
PORSCHE,Turbo 4 911,0,0,0,0,3.6,6,15,22,0,0,0
PORSCHE,Turbo 4 911 Cab,0,0,0,0,3.6,6,15,22,0,0,0
PORSCHE,Turbo 4 911 Cab Kit,0,0,0,0,3.6,6,15,22,0,0,0
PORSCHE,Turbo 4 911 Cab S,0,0,0,0,3.6,6,15,22,0,0,0
PORSCHE,Turbo 4 911 Kit,0,0,0,0,3.6,6,15,22,0,0,0
PORSCHE,Turbo 4 911 S,0,0,0,0,3.6,6,15,22,0,0,0
SAAB,9-7X AWD,0,0,0,1,4.2,6,15,21,1,1,0
VOLVO,XC 90 AWD,0,0,0,1,2.9,6,15,20,1,1,0
CADILLAC,Armored DeVille,0,0,0,1,4.6,8,14,20,0,0,0
CADILLAC,Escalade 2WD,0,0,0,1,6,8,14,18,1,0,0
CADILLAC,Funeral Coach/Hearse,0,0,0,1,4.6,8,14,20,0,0,0
CHEVROLET,C1500 Avalanche 2WD FFV,0,0,0,1,5.3,8,14,19,1,0,0
CHEVROLET,C1500 Silverado 2WD,0,0,1,1,6,8,14,19,0,0,0
CHEVROLET,G1500/2500 Chevy Express 2WD,0,0,0,1,5.3,8,14,18,0,0,0
CHEVROLET,H1500 Chevy Express AWD,0,0,0,1,5.3,8,14,18,0,1,0
CHEVROLET,K1500 Avalanche 4WD FFV,0,0,0,1,5.3,8,14,18,1,0,0
CHEVROLET,K1500 Silverado AWD,0,0,1,1,6,8,14,16,0,1,0
CHEVROLET,K1500 Suburban 4WD FFV,0,0,0,1,5.3,8,14,18,1,0,0
CHEVROLET,K1500 Suburban AWD FFV,0,0,0,1,5.3,8,14,18,1,1,0
CHEVROLET,K1500 Tahoe 4WD FFV,0,0,0,1,5.3,8,14,18,1,0,0
CHEVROLET,K1500 Tahoe AWD FFV,0,0,0,1,5.3,8,14,18,1,1,0
CHEVROLET,Trailblazer EXT 4WD,0,0,0,1,5.3,8,14,19,1,0,0
CHRYSLER,300C/SRT-8,0,0,0,1,6.1,8,14,20,0,0,0
DODGE,Durango 2WD,0,0,0,1,4.7,8,14,19,1,0,0
DODGE,Durango 2WD,0,0,0,1,5.7,8,14,19,1,0,0
DODGE,Durango 4WD,0,0,0,1,4.7,8,14,18,1,0,0
DODGE,Ram 1500 Pickup 2WD,0,0,1,1,4.7,8,14,19,0,0,0
DODGE,Ram 1500 Pickup 2WD,0,0,1,0,4.7,8,14,19,0,0,0
DODGE,Ram 1500 Pickup 2WD,0,0,1,1,5.7,8,14,18,0,0,0
DODGE,Ram 1500 Pickup 4WD,0,0,1,1,4.7,8,14,18,0,0,0
FORD,Expedition 2WD,0,0,0,1,5.4,8,14,19,1,0,0
FORD,Expedition 4WD,0,0,0,1,5.4,8,14,18,1,0,0
FORD,Explorer 4WD,0,0,0,1,4.6,8,14,18,1,0,0
FORD,F150 Pickup 2WD,0,0,1,1,5.4,8,14,19,0,0,0
FORD,F150 Pickup 4WD,0,0,1,1,4.6,8,14,18,0,0,0
FORD,F150 Pickup 4WD,0,0,1,1,5.4,8,14,18,0,0,0
GMC,C1500 Sierra 2WD,0,0,1,1,6,8,14,19,0,0,0
GMC,C1500 Yukon XL 2WD FFV,0,0,0,1,5.3,8,14,19,1,0,0
GMC,Envoy XL 4WD,0,0,0,1,5.3,8,14,19,1,0,0
GMC,Envoy XUV 4WD,0,0,0,1,5.3,8,14,19,1,0,0
GMC,G1500/2500 Savana 2WD,0,0,0,1,5.3,8,14,18,0,0,0
GMC,H1500 Savana Van AWD,0,0,0,1,5.3,8,14,18,0,1,0
GMC,K1500 Sierra AWD,0,0,1,1,6,8,14,16,0,1,0
GMC,K1500 Yukon 4WD FFV,0,0,0,1,5.3,8,14,18,1,0,0
GMC,K1500 Yukon AWD FFV,0,0,0,1,5.3,8,14,18,1,1,0
GMC,K1500 Yukon XL 4WD FFV,0,0,0,1,5.3,8,14,18,1,0,0
GMC,K1500 Yukon XL AWD FFV,0,0,0,1,5.3,8,14,18,1,1,0
ISUZU,Ascender 7-Passenger 4WD,0,0,0,1,5.3,8,14,19,1,0,0
JEEP,Grand Cherokee 4WD,0,0,0,1,5.7,8,14,19,1,0,0
LAND ROVER,LR3,0,0,0,1,4.4,8,14,18,1,0,0
MERCEDES-BENZ,CL55 AMG,0,0,0,1,5.4,8,14,22,0,0,0
MERCEDES-BENZ,E55 AMG,0,0,0,1,5.4,8,14,21,0,0,0
MERCEDES-BENZ,E55 AMG Wagon,0,1,0,1,5.4,8,14,21,0,0,0
MERCEDES-BENZ,ML500,0,0,0,1,5,8,14,17,1,0,0
MERCEDES-BENZ,S55 AMG,0,0,0,1,5.4,8,14,22,0,0,0
MERCEDES-BENZ,SL55 AMG,0,0,0,1,5.4,8,14,20,0,0,0
MERCURY,Mountaineer 4WD,0,0,0,1,4.6,8,14,18,1,0,0
NISSAN,Titan 2WD,0,0,1,1,5.6,8,14,19,0,0,0
NISSAN,Titan 2WD FFV,0,0,1,1,5.6,8,14,19,0,0,0
NISSAN,Titan 4WD,0,0,1,1,5.6,8,14,18,0,0,0
NISSAN,Titan 4WD FFV,0,0,1,1,5.6,8,14,18,0,0,0
PORSCHE,Cayenne S,0,0,0,1,4.5,8,14,18,1,0,0
VOLKSWAGEN,Touareg,0,0,0,1,4.2,8,14,18,1,0,0
CHEVROLET,Astro AWD,0,0,0,1,4.3,6,14,17,0,1,0
CHEVROLET,K1500 Silverado 4WD,0,0,1,1,4.3,6,14,18,0,0,0
CHEVROLET,Trailblazer EXT 4WD,0,0,0,1,4.2,6,14,18,1,0,0
FORD,Explorer 4WD,0,0,0,1,4,6,14,20,1,0,0
FORD,Explorer 4WD FFV,0,0,0,1,4,6,14,20,1,0,0
FORD,Explorer Sport Trac 4WD FFV,0,0,1,1,4,6,14,20,0,0,0
GMC,Envoy XL 4WD,0,0,0,1,4.2,6,14,18,1,0,0
GMC,Envoy XUV 4WD,0,0,0,1,4.2,6,14,18,1,0,0
GMC,Safari AWD,0,0,0,1,4.3,6,14,17,0,1,0
JEEP,Wrangler/TJ 4WD,0,0,0,1,4,6,14,18,1,0,0
LAND ROVER,LR3,0,0,0,1,4,6,14,19,1,0,0
MERCURY,Mountaineer 4WD,0,0,0,1,4,6,14,19,1,0,0
MERCURY,Mountaineer 4WD FFV,0,0,0,1,4,6,14,19,1,0,0
PORSCHE,Turbo 4 911,0,0,0,1,3.6,6,14,22,0,0,0
PORSCHE,Turbo 4 911 Cab,0,0,0,1,3.6,6,14,22,0,0,0
PORSCHE,Turbo 4 911 Cab Kit,0,0,0,1,3.6,6,14,22,0,0,0
PORSCHE,Turbo 4 911 Cab S,0,0,0,1,3.6,6,14,22,0,0,0
PORSCHE,Turbo 4 911 Kit,0,0,0,1,3.6,6,14,22,0,0,0
PORSCHE,Turbo 4 911 S,0,0,0,1,3.6,6,14,22,0,0,0
JEEP,Liberty,0,0,0,1,2.8,4,14,19,1,0,0
MERCEDES-BENZ,CL600,0,0,0,1,5.5,12,13,19,0,0,0
MERCEDES-BENZ,SL600,0,0,0,1,5.5,12,13,19,0,0,0
CADILLAC,Escalade AWD,0,0,0,1,6,8,13,17,1,1,0
CADILLAC,Escalade ESV AWD,0,0,0,1,6,8,13,17,1,1,0
CADILLAC,Escalade EXT AWD,0,0,0,1,6,8,13,17,1,1,0
CHEVROLET,SSR Pickup 2WD,0,0,1,0,6,8,13,20,0,0,0
DODGE,Durango 4WD,0,0,0,1,5.7,8,13,18,1,0,0
DODGE,Ram 1500 Pickup 4WD,0,0,1,1,5.7,8,13,17,0,0,0
FORD,E150 Club Wagon,0,0,0,1,5.4,8,13,17,0,0,0
FORD,GT 2WD,0,0,0,0,5.4,8,13,21,0,0,0
GMC,K1500 Yukon AWD,0,0,0,1,6,8,13,17,1,1,0
GMC,K1500 Yukon XL AWD,0,0,0,1,6,8,13,17,1,1,0
INFINITI,QX56 2WD,0,0,0,1,5.6,8,13,19,1,0,0
INFINITI,QX56 4WD,0,0,0,1,5.6,8,13,18,1,0,0
LEXUS,LX 470,0,0,0,1,4.7,8,13,17,1,0,0
LINCOLN,Aviator 2WD,0,0,0,1,4.6,8,13,18,1,0,0
LINCOLN,Aviator 4WD,0,0,0,1,4.6,8,13,18,1,0,0
LINCOLN,Navigator 2WD,0,0,0,1,5.4,8,13,18,1,0,0
MERCEDES-BENZ,G500,0,0,0,1,5,8,13,14,1,0,0
MERCEDES-BENZ,SLR,0,0,0,1,5.4,8,13,18,0,0,0
NISSAN,Armada 2WD,0,0,0,1,5.6,8,13,19,1,0,0
NISSAN,Armada 4WD,0,0,0,1,5.6,8,13,18,1,0,0
PORSCHE,Cayenne Turbo,0,0,0,1,4.5,8,13,18,1,0,0
TOYOTA,Land Cruiser Wagon 4WD,0,0,0,1,4.7,8,13,17,1,0,0
MERCEDES-BENZ,CL65 AMG,0,0,0,1,6,12,12,19,0,0,0
MERCEDES-BENZ,S600,0,0,0,1,5.5,12,12,19,0,0,0
MERCEDES-BENZ,SL65 AMG,0,0,0,1,6,12,12,19,0,0,0
VOLKSWAGEN,Phaeton,0,0,0,1,6,12,12,19,0,0,0
DODGE,Viper Conv,0,0,0,0,8.3,10,12,20,0,0,0
DODGE,Ram 1500 Pickup 2WD FFV,0,0,1,1,4.7,8,12,15,0,0,0
DODGE,Ram 1500 Pickup 4WD FFV,0,0,1,1,4.7,8,12,15,0,0,0
LAND ROVER,Range Rover,0,0,0,1,4.4,8,12,16,1,0,0
MERCEDES-BENZ,G55 AMG,0,0,0,1,5.4,8,12,14,1,0,0
CHEVROLET,C2500 HD Silverado 2WD,0,0,1,1,6,8,11,13,0,0,0
GMC,C2500 HD Sierra 2WD,0,0,1,1,6,8,11,13,0,0,0
PORSCHE,Carrera GT,0,0,0,0,5.7,10,10,16,0,0,0
